{
    "exp_name": "Qwen3-4B",
    "model_name": "/mnt/public/users/zhangjinghao/models/Qwen3-4B",
    "template": "qwen_math_box",
    "temperature": 0,
    "top_p": 0.95,
    "max_tokens": 40960,
    "n_samples": 1,
    "eval_type": "pass@k",
    "tasks": [
        "aime",
        "aime25",
        "amc",
        "math",
        "minerva",
        "olympiad_bench"
    ],
    "results": {
        "aime": 0.7333333333333333,
        "aime25": 0.6666666666666666,
        "amc": 0.8313253012048193,
        "math": 0.956,
        "minerva": 0.4375,
        "olympiad_bench": 0.6355555555555555
    },
    "avg": 0.7100634761267292,
    "avg_lens": {
        "aime": 16756.033333333333,
        "aime25": 17821.833333333332,
        "amc": 9995.192771084337,
        "math": 5396.536,
        "minerva": 7988.886029411765,
        "olympiad_bench": 12231.725925925926
    },
    "max_lens": {
        "aime": 40862.0,
        "aime25": 40853.0,
        "amc": 40893.0,
        "math": 40916.0,
        "minerva": 40860.0,
        "olympiad_bench": 40900.0
    },
    "formatted": {
        "aime": 0.8333333333333334,
        "aime25": 0.9333333333333333,
        "amc": 0.963855421686747,
        "math": 0.986,
        "minerva": 0.9522058823529411,
        "olympiad_bench": 0.9185185185185185
    }
}