{
    "exp_name": "Qwen3-4B-pass32",
    "model_name": "/mnt/public/users/zhangjinghao/models/Qwen3-4B",
    "template": "qwen_math_box",
    "temperature": 0.6,
    "top_p": 0.95,
    "max_tokens": 40960,
    "n_samples": 32,
    "eval_type": "pass@k",
    "tasks": [
        "aime",
        "aime25",
        "amc",
        "math",
        "olympiad_bench"
    ],
    "results": {
        "aime": 0.9,
        "aime25": 0.8333333333333334,
        "amc": 0.9759036144578314,
        "math": 0.994,
        "olympiad_bench": 0.7911111111111111
    },
    "avg": 0.8988696117804553,
    "avg_lens": {
        "aime": 14989.917708333332,
        "aime25": 18102.617708333335,
        "amc": 10026.269578313253,
        "math": 5117.9491875,
        "olympiad_bench": 10701.61300925926
    },
    "max_lens": {
        "aime": 40883.0,
        "aime25": 40853.0,
        "amc": 40897.0,
        "math": 40916.0,
        "olympiad_bench": 40900.0
    },
    "formatted": {
        "aime": 0.98125,
        "aime25": 0.971875,
        "amc": 0.9947289156626506,
        "math": 0.997,
        "olympiad_bench": 0.9890277777777777
    }
}