{
    "exp_name": "Qwen3-4B-xcombined-pro-wpg-fk3-grpo",
    "model_name": "/mnt/public/users/zhangjinghao/code/verl/result/LM/qwen3_4b/xcombined-pro-wpg-fk3-grpo-v0.001/global_step_234/hf",
    "template": "qwen_math_box",
    "temperature": 0.6,
    "top_p": 0.95,
    "max_tokens": 40960,
    "n_samples": 1,
    "eval_type": "pass@k",
    "tasks": [
        "aime",
        "aime25",
        "amc",
        "math",
        "minerva",
        "olympiad_bench"
    ],
    "results": {
        "aime": 0.7,
        "aime25": 0.7,
        "amc": 0.9156626506024096,
        "math": 0.96,
        "minerva": 0.4485294117647059,
        "olympiad_bench": 0.6888888888888889
    },
    "avg": 0.7355134918760008,
    "avg_lens": {
        "aime": 15266.766666666666,
        "aime25": 17595.233333333334,
        "amc": 11451.240963855422,
        "math": 5656.954,
        "minerva": 7557.893382352941,
        "olympiad_bench": 11303.466666666667
    },
    "max_lens": {
        "aime": 32954.0,
        "aime25": 37531.0,
        "amc": 40772.0,
        "math": 40904.0,
        "minerva": 26047.0,
        "olympiad_bench": 40875.0
    },
    "formatted": {
        "aime": 1.0,
        "aime25": 1.0,
        "amc": 0.9879518072289156,
        "math": 0.998,
        "minerva": 1.0,
        "olympiad_bench": 0.9911111111111112
    }
}