{
    "exp_name": "Qwen3-4B-xcombined-pro-grpo-ev2",
    "model_name": "/mnt/public/users/zhangjinghao/code/verl/result/LM/qwen3_4b/xcombined-pro-grpo/global_step_234/hf",
    "template": "qwen_math_box",
    "temperature": 0,
    "top_p": 0.95,
    "max_tokens": 40960,
    "n_samples": 1,
    "eval_type": "pass@k",
    "tasks": [
        "aime",
        "aime25",
        "amc",
        "math",
        "minerva",
        "olympiad_bench"
    ],
    "results": {
        "aime": 0.7666666666666667,
        "aime25": 0.5666666666666667,
        "amc": 0.8313253012048193,
        "math": 0.954,
        "minerva": 0.4375,
        "olympiad_bench": 0.6548148148148148
    },
    "avg": 0.7018289082254946,
    "avg_lens": {
        "aime": 17734.3,
        "aime25": 22006.233333333334,
        "amc": 12953.385542168675,
        "math": 6287.294,
        "minerva": 9894.183823529413,
        "olympiad_bench": 13515.918518518518
    },
    "max_lens": {
        "aime": 40870.0,
        "aime25": 40813.0,
        "amc": 40877.0,
        "math": 40907.0,
        "minerva": 40905.0,
        "olympiad_bench": 40903.0
    },
    "formatted": {
        "aime": 0.9,
        "aime25": 0.8333333333333334,
        "amc": 0.9156626506024096,
        "math": 0.978,
        "minerva": 0.9264705882352942,
        "olympiad_bench": 0.9081481481481481
    }
}