{
    "exp_name": "Qwen2.5-7B",
    "model_name": "/mnt/public/users/zhangjinghao/models/Qwen2.5-7B",
    "template": "qwen_math_box",
    "temperature": 0,
    "top_p": 1.0,
    "max_tokens": 8192,
    "n_samples": 1,
    "eval_type": "pass@k",
    "tasks": [
        "aime",
        "aime25",
        "amc",
        "math",
        "minerva",
        "olympiad_bench"
    ],
    "results": {
        "aime": 0.13333333333333333,
        "aime25": 0.06666666666666667,
        "amc": 0.3373493975903614,
        "math": 0.468,
        "minerva": 0.19117647058823528,
        "olympiad_bench": 0.30518518518518517
    },
    "avg": 0.2502851755606303,
    "avg_lens": {
        "aime": 1521.6,
        "aime25": 1485.0333333333333,
        "amc": 1312.4819277108434,
        "math": 828.588,
        "minerva": 1791.9742647058824,
        "olympiad_bench": 1292.6696296296295
    },
    "max_lens": {
        "aime": 8192.0,
        "aime25": 8192.0,
        "amc": 8192.0,
        "math": 8192.0,
        "minerva": 8192.0,
        "olympiad_bench": 8192.0
    },
    "formatted": {
        "aime": 0.8666666666666667,
        "aime25": 0.8333333333333334,
        "amc": 0.8795180722891566,
        "math": 0.748,
        "minerva": 0.5882352941176471,
        "olympiad_bench": 0.8562962962962963
    }
}