{
    "exp_name": "Qwen3-4B-xcombined-pro-wpg-fk3-grpo-v0.01-debug",
    "model_name": "/mnt/public/users/zhangjinghao/code/verl/result/LM/qwen3_4b/xcombined-pro-wpg-fk3-grpo-v0.01/global_step_234/hf",
    "template": "qwen_math_box",
    "temperature": 0,
    "top_p": 0.95,
    "max_tokens": 40960,
    "n_samples": 1,
    "eval_type": "pass@k",
    "tasks": [
        "aime",
        "aime25",
        "amc",
        "math",
        "minerva",
        "olympiad_bench"
    ],
    "results": {
        "aime": 0.8,
        "aime25": 0.4666666666666667,
        "amc": 0.8674698795180723,
        "math": 0.964,
        "minerva": 0.46691176470588236,
        "olympiad_bench": 0.6888888888888889
    },
    "avg": 0.708989533296585,
    "avg_lens": {
        "aime": 14145.533333333333,
        "aime25": 16894.533333333333,
        "amc": 9466.843373493975,
        "math": 4416.84,
        "minerva": 5712.088235294118,
        "olympiad_bench": 9764.207407407408
    },
    "max_lens": {
        "aime": 40848.0,
        "aime25": 40870.0,
        "amc": 40802.0,
        "math": 40783.0,
        "minerva": 21470.0,
        "olympiad_bench": 40880.0
    },
    "formatted": {
        "aime": 0.9333333333333333,
        "aime25": 0.9666666666666667,
        "amc": 0.9759036144578314,
        "math": 0.998,
        "minerva": 1.0,
        "olympiad_bench": 0.9792592592592593
    }
}