{
    "exp_name": "Qwen3-4B-xcombined-pro-wpg-fk1-grpo-v0.001",
    "model_name": "/mnt/public/users/zhangjinghao/code/verl/result/LM/qwen3_4b/xcombined-pro-wpg-fk1-grpo-v0.001/global_step_234/hf",
    "template": "qwen_math_box",
    "temperature": 0,
    "top_p": 0.95,
    "max_tokens": 40960,
    "n_samples": 1,
    "eval_type": "pass@k",
    "tasks": [
        "aime",
        "aime25",
        "amc",
        "math",
        "minerva",
        "olympiad_bench"
    ],
    "results": {
        "aime": 0.7333333333333333,
        "aime25": 0.7666666666666667,
        "amc": 0.9036144578313253,
        "math": 0.952,
        "minerva": 0.4264705882352941,
        "olympiad_bench": 0.6562962962962963
    },
    "avg": 0.7397302237271526,
    "avg_lens": {
        "aime": 18012.633333333335,
        "aime25": 19333.8,
        "amc": 11587.43373493976,
        "math": 5974.574,
        "minerva": 9386.400735294117,
        "olympiad_bench": 13479.55851851852
    },
    "max_lens": {
        "aime": 40862.0,
        "aime25": 40804.0,
        "amc": 40833.0,
        "math": 40916.0,
        "minerva": 40903.0,
        "olympiad_bench": 40903.0
    },
    "formatted": {
        "aime": 0.9333333333333333,
        "aime25": 0.9,
        "amc": 0.963855421686747,
        "math": 0.972,
        "minerva": 0.9301470588235294,
        "olympiad_bench": 0.8977777777777778
    }
}