{
    "exp_name": "Qwen3-4B-xcombined-pro-wsft-grpo",
    "model_name": "/mnt/public/users/zhangjinghao/code/verl/result/LM/qwen3_4b/xcombined-pro-wsft-grpo-v0.001/global_step_234/hf",
    "template": "qwen_math_box",
    "temperature": 0,
    "top_p": 0.95,
    "max_tokens": 40960,
    "n_samples": 1,
    "eval_type": "pass@k",
    "tasks": [
        "aime",
        "aime25",
        "amc",
        "math",
        "minerva",
        "olympiad_bench"
    ],
    "results": {
        "aime": 0.4,
        "aime25": 0.26666666666666666,
        "amc": 0.6506024096385542,
        "math": 0.804,
        "minerva": 0.33455882352941174,
        "olympiad_bench": 0.4696296296296296
    },
    "avg": 0.4875762549107103,
    "avg_lens": {
        "aime": 26495.766666666666,
        "aime25": 31817.066666666666,
        "amc": 18213.590361445782,
        "math": 10008.952,
        "minerva": 17002.577205882353,
        "olympiad_bench": 20504.379259259258
    },
    "max_lens": {
        "aime": 40883.0,
        "aime25": 40901.0,
        "amc": 40901.0,
        "math": 40920.0,
        "minerva": 40913.0,
        "olympiad_bench": 40914.0
    },
    "formatted": {
        "aime": 0.4666666666666667,
        "aime25": 0.36666666666666664,
        "amc": 0.6746987951807228,
        "math": 0.826,
        "minerva": 0.7022058823529411,
        "olympiad_bench": 0.5985185185185186
    }
}