{
    "exp_name": "Qwen3-4B-xcombined-pro-wpg-fk1-advdt-grpo-v0.001",
    "model_name": "/mnt/public/users/zhangjinghao/code/verl/result/LM/qwen3_4b/xcombined-pro-wpg-fk1-advdt-grpo-v0.001/global_step_234/hf",
    "template": "qwen_math_box",
    "temperature": 0,
    "top_p": 0.95,
    "max_tokens": 40960,
    "n_samples": 1,
    "eval_type": "pass@k",
    "tasks": [
        "aime",
        "aime25",
        "amc",
        "math",
        "minerva",
        "olympiad_bench"
    ],
    "results": {
        "aime": 0.6666666666666666,
        "aime25": 0.5333333333333333,
        "amc": 0.8554216867469879,
        "math": 0.964,
        "minerva": 0.43014705882352944,
        "olympiad_bench": 0.6533333333333333
    },
    "avg": 0.6838170131506418,
    "avg_lens": {
        "aime": 16025.633333333333,
        "aime25": 18561.0,
        "amc": 10667.819277108434,
        "math": 5045.516,
        "minerva": 7331.205882352941,
        "olympiad_bench": 11643.940740740742
    },
    "max_lens": {
        "aime": 40867.0,
        "aime25": 40853.0,
        "amc": 40833.0,
        "math": 40851.0,
        "minerva": 40880.0,
        "olympiad_bench": 40903.0
    },
    "formatted": {
        "aime": 0.8666666666666667,
        "aime25": 0.9,
        "amc": 0.963855421686747,
        "math": 0.992,
        "minerva": 0.9705882352941176,
        "olympiad_bench": 0.9377777777777778
    }
}