{
    "exp_name": "Qwen3-4B-xcombined-pro-grpo-v2.4-evalp",
    "model_name": "/mnt/public/users/zhangjinghao/code/verl/result/LM/qwen3_4b/xcombined-pro-grpo-v2.4/global_step_234/hf",
    "template": "qwen_math_box",
    "temperature": 0,
    "top_p": 0.95,
    "max_tokens": 40960,
    "n_samples": 1,
    "eval_type": "pass@k",
    "tasks": [
        "aime",
        "aime25",
        "amc",
        "math",
        "minerva",
        "olympiad_bench"
    ],
    "results": {
        "aime": 0.6666666666666666,
        "aime25": 0.6666666666666666,
        "amc": 0.8795180722891566,
        "math": 0.956,
        "minerva": 0.4227941176470588,
        "olympiad_bench": 0.6474074074074074
    },
    "avg": 0.7065088217794927,
    "avg_lens": {
        "aime": 17494.7,
        "aime25": 16830.633333333335,
        "amc": 10527.927710843374,
        "math": 5171.006,
        "minerva": 7342.404411764706,
        "olympiad_bench": 11966.77925925926
    },
    "max_lens": {
        "aime": 40871.0,
        "aime25": 40870.0,
        "amc": 40897.0,
        "math": 40879.0,
        "minerva": 40880.0,
        "olympiad_bench": 40910.0
    },
    "formatted": {
        "aime": 0.8666666666666667,
        "aime25": 0.9333333333333333,
        "amc": 0.963855421686747,
        "math": 0.99,
        "minerva": 0.9779411764705882,
        "olympiad_bench": 0.9244444444444444
    }
}