{
    "exp_name": "Qwen3-4B-xcombined-pro-grpo-v2.5",
    "model_name": "/mnt/public/users/zhangjinghao/code/verl/result/LM/qwen3_4b/xcombined-pro-grpo-v2.5/global_step_234/hf",
    "template": "qwen_math_box",
    "temperature": 0,
    "top_p": 0.95,
    "max_tokens": 40960,
    "n_samples": 1,
    "eval_type": "pass@k",
    "tasks": [
        "aime",
        "aime25",
        "amc",
        "math",
        "minerva",
        "olympiad_bench"
    ],
    "results": {
        "aime": 0.7,
        "aime25": 0.6,
        "amc": 0.8554216867469879,
        "math": 0.948,
        "minerva": 0.4522058823529412,
        "olympiad_bench": 0.6548148148148148
    },
    "avg": 0.701740397319124,
    "avg_lens": {
        "aime": 16584.233333333334,
        "aime25": 20466.4,
        "amc": 10977.638554216868,
        "math": 5712.152,
        "minerva": 7778.220588235294,
        "olympiad_bench": 12516.551111111112
    },
    "max_lens": {
        "aime": 40856.0,
        "aime25": 40813.0,
        "amc": 40897.0,
        "math": 40916.0,
        "minerva": 40880.0,
        "olympiad_bench": 40898.0
    },
    "formatted": {
        "aime": 1.0,
        "aime25": 0.9333333333333333,
        "amc": 0.963855421686747,
        "math": 0.98,
        "minerva": 0.9742647058823529,
        "olympiad_bench": 0.922962962962963
    }
}