{
    "exp_name": "Qwen3-4B-xcombined-pro-grpo-150step",
    "model_name": "/mnt/public/users/zhangjinghao/code/verl/result/LM/qwen3_4b/xcombined-pro-grpo/global_step_150/hf",
    "template": "qwen_math_box",
    "temperature": 0,
    "top_p": 0.95,
    "max_tokens": 40960,
    "n_samples": 1,
    "eval_type": "pass@k",
    "tasks": [
        "aime",
        "aime25",
        "amc",
        "math",
        "minerva",
        "olympiad_bench"
    ],
    "results": {
        "aime": 0.7333333333333333,
        "aime25": 0.43333333333333335,
        "amc": 0.9156626506024096,
        "math": 0.944,
        "minerva": 0.4338235294117647,
        "olympiad_bench": 0.6755555555555556
    },
    "avg": 0.689284733706066,
    "avg_lens": {
        "aime": 15351.166666666666,
        "aime25": 23576.566666666666,
        "amc": 10770.385542168675,
        "math": 5902.512,
        "minerva": 8113.529411764706,
        "olympiad_bench": 12275.094814814815
    },
    "max_lens": {
        "aime": 40788.0,
        "aime25": 40832.0,
        "amc": 40901.0,
        "math": 40904.0,
        "minerva": 40884.0,
        "olympiad_bench": 40903.0
    },
    "formatted": {
        "aime": 0.9333333333333333,
        "aime25": 0.8,
        "amc": 0.9759036144578314,
        "math": 0.986,
        "minerva": 0.9669117647058824,
        "olympiad_bench": 0.9318518518518518
    }
}