{
    "exp_name": "Qwen3-4B-xcombined-base-grpo",
    "model_name": "/mnt/public/users/zhangjinghao/code/verl/result/LM/qwen3_4b/xcombined-base-grpo/global_step_234/hf",
    "template": "qwen_math_box",
    "temperature": 0,
    "top_p": 0.95,
    "max_tokens": 40960,
    "n_samples": 1,
    "eval_type": "pass@k",
    "tasks": [
        "aime",
        "aime25",
        "amc",
        "math",
        "minerva",
        "olympiad_bench"
    ],
    "results": {
        "aime": 0.6666666666666666,
        "aime25": 0.5666666666666667,
        "amc": 0.8795180722891566,
        "math": 0.93,
        "minerva": 0.39338235294117646,
        "olympiad_bench": 0.6207407407407407
    },
    "avg": 0.6761624165507345,
    "avg_lens": {
        "aime": 17397.7,
        "aime25": 23882.933333333334,
        "amc": 12734.843373493975,
        "math": 7174.048,
        "minerva": 12357.27205882353,
        "olympiad_bench": 15245.08888888889
    },
    "max_lens": {
        "aime": 40856.0,
        "aime25": 40864.0,
        "amc": 40897.0,
        "math": 40913.0,
        "minerva": 40905.0,
        "olympiad_bench": 40906.0
    },
    "formatted": {
        "aime": 0.8333333333333334,
        "aime25": 0.7333333333333333,
        "amc": 0.927710843373494,
        "math": 0.956,
        "minerva": 0.8529411764705882,
        "olympiad_bench": 0.8503703703703703
    }
}