{
    "exp_name": "Qwen3-4B-xcombined-pro-wpg-fk3-grpo",
    "model_name": "/mnt/public/users/zhangjinghao/code/verl/result/LM/qwen3_4b/xcombined-pro-wpg-fk3-grpo-v0.001/global_step_234/hf",
    "template": "qwen_math_box",
    "temperature": 0.0,
    "top_p": 0.95,
    "max_tokens": 40960,
    "n_samples": 1,
    "eval_type": "pass@k",
    "tasks": [
        "aime",
        "aime25",
        "amc",
        "math",
        "minerva",
        "olympiad_bench"
    ],
    "results": {
        "aime": 0.7666666666666667,
        "aime25": 0.6333333333333333,
        "amc": 0.8674698795180723,
        "math": 0.948,
        "minerva": 0.4227941176470588,
        "olympiad_bench": 0.6503703703703704
    },
    "avg": 0.7147723945892502,
    "avg_lens": {
        "aime": 14525.066666666668,
        "aime25": 19313.033333333333,
        "amc": 11794.204819277109,
        "math": 6135.826,
        "minerva": 8423.54044117647,
        "olympiad_bench": 12890.554074074074
    },
    "max_lens": {
        "aime": 40832.0,
        "aime25": 40864.0,
        "amc": 40897.0,
        "math": 40916.0,
        "minerva": 40877.0,
        "olympiad_bench": 40900.0
    },
    "formatted": {
        "aime": 0.9666666666666667,
        "aime25": 0.9,
        "amc": 0.963855421686747,
        "math": 0.978,
        "minerva": 0.9558823529411765,
        "olympiad_bench": 0.92
    }
}