{
    "exp_name": "Qwen3-4B-xcombined-pro-on-policy-grpo-ve",
    "model_name": "/mnt/public/users/zhangjinghao/code/verl/result/LM/qwen3_4b/xcombined-pro-on-policy-grpo/global_step_234/hf",
    "template": "qwen_math_box",
    "temperature": 0,
    "top_p": 0.95,
    "max_tokens": 40960,
    "n_samples": 1,
    "eval_type": "pass@k",
    "tasks": [
        "aime",
        "aime25",
        "amc",
        "math",
        "minerva",
        "olympiad_bench"
    ],
    "results": {
        "aime": 0.7333333333333333,
        "aime25": 0.6,
        "amc": 0.8433734939759037,
        "math": 0.96,
        "minerva": 0.4485294117647059,
        "olympiad_bench": 0.6488888888888888
    },
    "avg": 0.7056875213271386,
    "avg_lens": {
        "aime": 14458.0,
        "aime25": 21201.6,
        "amc": 10405.843373493975,
        "math": 5365.614,
        "minerva": 8405.10661764706,
        "olympiad_bench": 11990.82962962963
    },
    "max_lens": {
        "aime": 40862.0,
        "aime25": 40867.0,
        "amc": 40900.0,
        "math": 40916.0,
        "minerva": 40895.0,
        "olympiad_bench": 40900.0
    },
    "formatted": {
        "aime": 0.9,
        "aime25": 0.8666666666666667,
        "amc": 0.963855421686747,
        "math": 0.978,
        "minerva": 0.9375,
        "olympiad_bench": 0.917037037037037
    }
}