{
    "exp_name": "Qwen2.5-7B",
    "model_name": "/mnt/public/users/zhangjinghao/models/Qwen2.5-7B",
    "template": "qwen_math_box",
    "temperature": 0.7,
    "top_p": 1.0,
    "max_tokens": 8192,
    "n_samples": 32,
    "eval_type": "pass@k",
    "tasks": [
        "aime",
        "aime25",
        "amc",
        "math",
        "minerva",
        "olympiad_bench"
    ],
    "results": {
        "aime": 0.4,
        "aime25": 0.26666666666666666,
        "amc": 0.8313253012048193,
        "math": 0.918,
        "minerva": 0.5808823529411765,
        "olympiad_bench": 0.6518518518518519
    },
    "avg": 0.6081210287774191,
    "avg_lens": {
        "aime": 1615.8677083333334,
        "aime25": 1411.1354166666667,
        "amc": 1256.3693524096386,
        "math": 969.1825,
        "minerva": 1405.5801930147059,
        "olympiad_bench": 1221.4906944444444
    },
    "max_lens": {
        "aime": 8192.0,
        "aime25": 8192.0,
        "amc": 8192.0,
        "math": 8192.0,
        "minerva": 8192.0,
        "olympiad_bench": 8192.0
    },
    "formatted": {
        "aime": 0.8322916666666667,
        "aime25": 0.859375,
        "amc": 0.8753765060240963,
        "math": 0.7869375,
        "minerva": 0.6376378676470589,
        "olympiad_bench": 0.8447685185185185
    }
}