{
    "exp_name": "Qwen3-4B-xcombined-pro-wpg-fk3dt-grpo-v0.01",
    "model_name": "/mnt/public/users/zhangjinghao/code/verl/result/LM/qwen3_4b/xcombined-pro-wpg-fk3dt-grpo-v0.01/global_step_234/hf",
    "template": "qwen_math_box",
    "temperature": 0,
    "top_p": 0.95,
    "max_tokens": 40960,
    "n_samples": 1,
    "eval_type": "pass@k",
    "tasks": [
        "aime",
        "aime25",
        "amc",
        "math",
        "minerva",
        "olympiad_bench"
    ],
    "results": {
        "aime": 0.7666666666666667,
        "aime25": 0.5666666666666667,
        "amc": 0.9036144578313253,
        "math": 0.942,
        "minerva": 0.4485294117647059,
        "olympiad_bench": 0.6696296296296296
    },
    "avg": 0.7161844720931657,
    "avg_lens": {
        "aime": 14238.466666666667,
        "aime25": 20556.633333333335,
        "amc": 10576.867469879518,
        "math": 6089.222,
        "minerva": 8670.16911764706,
        "olympiad_bench": 12576.38074074074
    },
    "max_lens": {
        "aime": 40862.0,
        "aime25": 40804.0,
        "amc": 40831.0,
        "math": 40908.0,
        "minerva": 40895.0,
        "olympiad_bench": 40903.0
    },
    "formatted": {
        "aime": 0.9333333333333333,
        "aime25": 0.9333333333333333,
        "amc": 0.963855421686747,
        "math": 0.984,
        "minerva": 0.9595588235294118,
        "olympiad_bench": 0.9333333333333333
    }
}