{
    "exp_name": "Qwen3-4B-xcombined-pro-wpg-fk1-ISdt-grpo-v0.001",
    "model_name": "/mnt/public/users/zhangjinghao/code/verl/result/LM/qwen3_4b/xcombined-pro-wpg-fk1-ISdt-grpo-v0.001/global_step_234/hf",
    "template": "qwen_math_box",
    "temperature": 0,
    "top_p": 0.95,
    "max_tokens": 40960,
    "n_samples": 1,
    "eval_type": "pass@k",
    "tasks": [
        "aime",
        "aime25",
        "amc",
        "math",
        "minerva",
        "olympiad_bench"
    ],
    "results": {
        "aime": 0.8,
        "aime25": 0.6333333333333333,
        "amc": 0.9156626506024096,
        "math": 0.954,
        "minerva": 0.44485294117647056,
        "olympiad_bench": 0.6518518518518519
    },
    "avg": 0.7332834628273442,
    "avg_lens": {
        "aime": 16498.966666666667,
        "aime25": 18227.866666666665,
        "amc": 10442.12048192771,
        "math": 5819.17,
        "minerva": 8847.860294117647,
        "olympiad_bench": 13057.251851851852
    },
    "max_lens": {
        "aime": 40856.0,
        "aime25": 40692.0,
        "amc": 40901.0,
        "math": 40916.0,
        "minerva": 40905.0,
        "olympiad_bench": 40904.0
    },
    "formatted": {
        "aime": 0.9333333333333333,
        "aime25": 0.9666666666666667,
        "amc": 0.9759036144578314,
        "math": 0.986,
        "minerva": 0.9485294117647058,
        "olympiad_bench": 0.9096296296296297
    }
}