{
    "exp_name": "Qwen3-4B-xcombined-pro-on-policy-grpo",
    "model_name": "/mnt/public/users/zhangjinghao/code/verl/result/LM/qwen3_4b/xcombined-pro-on-policy-grpo/global_step_234/hf",
    "template": "qwen_math_box",
    "temperature": 0,
    "top_p": 0.95,
    "max_tokens": 40960,
    "n_samples": 1,
    "eval_type": "pass@k",
    "tasks": [
        "aime",
        "aime25",
        "amc",
        "math",
        "minerva",
        "olympiad_bench"
    ],
    "results": {
        "aime": 0.7333333333333333,
        "aime25": 0.6,
        "amc": 0.8674698795180723,
        "math": 0.968,
        "minerva": 0.44485294117647056,
        "olympiad_bench": 0.6607407407407407
    },
    "avg": 0.7123994824614361,
    "avg_lens": {
        "aime": 14458.0,
        "aime25": 21201.6,
        "amc": 10907.096385542169,
        "math": 4993.544,
        "minerva": 8377.378676470587,
        "olympiad_bench": 12167.431111111111
    },
    "max_lens": {
        "aime": 40862.0,
        "aime25": 40867.0,
        "amc": 40897.0,
        "math": 40916.0,
        "minerva": 40895.0,
        "olympiad_bench": 40903.0
    },
    "formatted": {
        "aime": 0.9,
        "aime25": 0.8666666666666667,
        "amc": 0.927710843373494,
        "math": 0.992,
        "minerva": 0.9375,
        "olympiad_bench": 0.9214814814814815
    }
}