{
    "exp_name": "Qwen3-4B-xcombined-pro-grpo-v2.4",
    "model_name": "/mnt/public/users/zhangjinghao/code/verl/result/LM/qwen3_4b/xcombined-pro-grpo-v2.4/global_step_234/hf",
    "template": "qwen_math_box",
    "temperature": 0,
    "top_p": 0.95,
    "max_tokens": 40960,
    "n_samples": 1,
    "eval_type": "pass@k",
    "tasks": [
        "aime",
        "aime25",
        "amc",
        "math",
        "minerva",
        "olympiad_bench"
    ],
    "results": {
        "aime": 0.6666666666666666,
        "aime25": 0.6333333333333333,
        "amc": 0.9036144578313253,
        "math": 0.952,
        "minerva": 0.43014705882352944,
        "olympiad_bench": 0.6607407407407407
    },
    "avg": 0.7077503762325992,
    "avg_lens": {
        "aime": 17494.7,
        "aime25": 18535.266666666666,
        "amc": 11235.686746987953,
        "math": 5358.962,
        "minerva": 7407.444852941177,
        "olympiad_bench": 11963.54074074074
    },
    "max_lens": {
        "aime": 40871.0,
        "aime25": 40838.0,
        "amc": 40770.0,
        "math": 40882.0,
        "minerva": 40862.0,
        "olympiad_bench": 40910.0
    },
    "formatted": {
        "aime": 0.8666666666666667,
        "aime25": 0.9,
        "amc": 0.963855421686747,
        "math": 0.988,
        "minerva": 0.9889705882352942,
        "olympiad_bench": 0.922962962962963
    }
}