{
    "exp_name": "Qwen3-4B-xcombined-pro-grpo-pass@32",
    "model_name": "/mnt/public/users/zhangjinghao/code/verl/result/LM/qwen3_4b/xcombined-pro-grpo/global_step_234/hf",
    "template": "qwen_math_box",
    "temperature": 0.6,
    "top_p": 0.95,
    "max_tokens": 40960,
    "n_samples": 32,
    "eval_type": "pass@k",
    "tasks": [
        "aime",
        "aime25",
        "amc",
        "math",
        "minerva",
        "olympiad_bench"
    ],
    "results": {
        "aime": 0.8666666666666667,
        "aime25": 0.8666666666666667,
        "amc": 0.9759036144578314,
        "math": 0.998,
        "minerva": 0.5698529411764706,
        "olympiad_bench": 0.8266666666666667
    },
    "avg": 0.850626092605717,
    "avg_lens": {
        "aime": 16585.946875,
        "aime25": 19865.108333333334,
        "amc": 11445.240963855422,
        "math": 5789.6041875,
        "minerva": 8103.017463235294,
        "olympiad_bench": 12204.326296296296
    },
    "max_lens": {
        "aime": 40883.0,
        "aime25": 40870.0,
        "amc": 40897.0,
        "math": 40916.0,
        "minerva": 40887.0,
        "olympiad_bench": 40911.0
    },
    "formatted": {
        "aime": 0.9677083333333333,
        "aime25": 0.95,
        "amc": 0.9887048192771084,
        "math": 0.9968125,
        "minerva": 0.9978170955882353,
        "olympiad_bench": 0.9827314814814815
    }
}